"If you don’t produce, you won’t thrive—no matter how skilled or talented you are.",Deep Work,Cal Newport
Carl Jung went on to become one of the most influential thinkers of the twentieth century.,Deep Work,Cal Newport
High-Quality Work Produced = (Time Spent) x (Intensity of Focus),Deep Work,Cal Newport
"Whether you’re a computer programmer, writer, marketer, consultant, or entrepreneur, you must master the art of quickly learning complicated things",Deep Work,Cal Newport
Internet Sabbath (sometimes called a digital detox),Deep Work,Cal Newport
Twain’s study was so isolated from the main house that his family took to blowing a horn to attract his attention for meals.,Deep Work,Cal Newport
"I published four books, earned a PhD, wrote peer-reviewed academic papers at a high rate, and was hired as a tenure-track professor at Georgetown University.",Deep Work,Cal Newport
"Deep work is important, in other words, not because distraction is evil, but because it enabled Bill Gates to start a billion-dollar industry in less than a semester.",Deep Work,Cal Newport
"Bill Gates, for example, was famous during his time as Microsoft CEO for taking Think Weeks during which he would leave behind his normal work and family obligations.",Deep Work,Cal Newport
"Two Core Abilities for Thriving in the New Economy
1. The ability to quickly master hard things.
2. The ability to produce at an elite level, in terms of both quality and speed.",Deep Work,Cal Newport
"Deep work is so important that we might consider it, to use the phrasing of business writer Eric Barker, “the superpower of the 21st century.”",Deep Work,Cal Newport
"""A physicist on his way to lunch in the cafeteria was like a magnet rolling past iron filings.”",Deep Work,Cal Newport
Schedule every minute of your day.,Deep Work,Cal Newport
"Jack Dorsey helped found Twitter. After stepping down as CEO, he then launched the payment-processing company Square.",Deep Work,Cal Newport
"If your schedule is disrupted, you should, at the next available moment, take a few minutes to create a revised schedule for the time that remains in the day.",Deep Work,Cal Newport
"If what you’re producing is mediocre, then you’re in trouble, as it’s too easy for your audience to find a better alternative online. Whether you’re a computer programmer, writer, marketer, consultant, or entrepreneur, you must master the art of quickly learning complicated things",Deep Work,Cal Newport
Deep Work: Professional activities performed in a state of distraction-free concentration that push your cognitive capabilities to their limit.,Deep Work,Cal Newport
Edinburgh Castle—one of Rowling’s inspirations in dreaming up Hogwarts.,Deep Work,Cal Newport
"To produce at your peak level you need to work for extended periods with full concentration on a single task free from distraction. Put another way, the type of work that optimizes your performance is deep work.",Deep Work,Cal Newport
"To reach goals and overcome obstacles and become the best version of you possible will not happen by itself. It will not happen cutting corners, taking shortcuts, or looking for the easy way.",Discipline Equals Freedom,Jocko Willink
When you don’t understand a word—get out the dictionary. When you don’t understand a concept—break it down until you do.,Discipline Equals Freedom,Jocko Willink
"Everyone should train in martial arts, just as everyone should eat.",Discipline Equals Freedom,Jocko Willink
The only person you can control is you. So focus on making yourself who you want you to be: Faster. Stronger. Smarter. More humble. Less ego.,Discipline Equals Freedom,Jocko Willink
Discipline: The root of all good qualities. The driver of daily execution. The core principle that overcomes laziness and lethargy and excuses.,Discipline Equals Freedom,Jocko Willink
"When working with other people and dynamic situations and relationships and deals, a person, especially a leader, must compromise.",Discipline Equals Freedom,Jocko Willink
we realize we are stuck with the one person we can never be rid of: ourselves.,Greenlights,Matthew McConaughey
I made plans to go to South Africa after my year’s exchange and free Nelson Mandela.,Greenlights,Matthew McConaughey
"I soon started skipping class daily and going to the library instead, where I discovered the great English poet Lord Byron.",Greenlights,Matthew McConaughey
"Part Six: The Arrow Doesn't Seek the Target, the Target Draws the Arrow",Greenlights,Matthew McConaughey
I started to believe that my life’s calling was to become a monk.,Greenlights,Matthew McConaughey
The future is the monster.,Greenlights,Matthew McConaughey
"Part Seven: Be Brave, Take the Hill",Greenlights,Matthew McConaughey
I have a lot of proof that the world is conspiring to make me happy.,Greenlights,Matthew McConaughey
I was blackmailed into having sex for the first time when I was fifteen. I was certain I was going to hell for the premarital sex.,Greenlights,Matthew McConaughey
"I’ve never cared much for destinations.
The idea of landing is too finite for my imagination and sense of song",Greenlights,Matthew McConaughey
Catching greenlights is about skill,Greenlights,Matthew McConaughey
"I am the youngest brother of three and the son of parents who were twice divorced and thrice married, to each other.",Greenlights,Matthew McConaughey
That friend that became a lover that you now miss as a friend,Greenlights,Matthew McConaughey
Create structure so you can have freedom.,Greenlights,Matthew McConaughey
"“Me, too.”
Sometimes we don’t need advice. Sometimes we just need to hear we’re not the only one.",Greenlights,Matthew McConaughey
This is a book about how to catch more yeses in a world of nos and how to recognize when a no might actually be a yes. This is a book about catching greenlights and realizing that the yellows and reds eventually turn green.,Greenlights,Matthew McConaughey
"We become voyeurs of our moment because we let it become bigger than us, and in doing so, we just became less involved in it and more impressed with it.",Greenlights,Matthew McConaughey
"I was now on my sixth job. I’d been a bank teller, a boat mechanic, a photo processor, a barrister’s assistant, a construction worker, and an assistant golf pro.",Greenlights,Matthew McConaughey
"Don’t walk in there like you want the role, Matthew, walk in there like you own it!",Greenlights,Matthew McConaughey
"When I kept whining about my lone pair of tennis shoes being old and out of fashion, my mom told me, “Keep griping and I’ll take you to meet the boy with no feet!!”",Greenlights,Matthew McConaughey
"What would you do if you were stuck in one place, and every day was exactly the same, and nothing that you did mattered?” It’s the question Phil has to answer to advance the plot of the movie, but it’s also the question we have to answer to advance the plot of our lives",Keep Going,Austin Kleon
"“It is only when you and I add the burden of those two awful eternities, yesterday and tomorrow, that we break down",Keep Going,Austin Kleon
“No artist can work simply for results; he must also like the work of getting them.” —Robert Farrar Capon,Keep Going,Austin Kleon
"“Drawing is simply another way of seeing, which we don’t really do as adults,” says cartoonist Chris Ware.",Keep Going,Austin Kleon
"I keep a daily diary for many reasons, but the main one is that it helps me pay attention to my life.",Keep Going,Austin Kleon
"I was reading a newspaper article about climate change and a former skeptic said, “If you’ve never changed your mind about something, pinch yourself; you may be dead.”",Keep Going,Austin Kleon
"If you share work online, try to ignore the numbers at least every once in a while.",Keep Going,Austin Kleon
Astrid Lindgren’s bedridden daughter Karin asked her to tell a story about some girl named Pippi Longstocking. C. S. Lewis convinced J. R. R. Tolkien to turn the fantastical stories he told his children into The Hobbit.,Keep Going,Austin Kleon
"“Let’s slow down, not in pace or wordage but in nerves.” —John Steinbeck",Keep Going,Austin Kleon
You do not need to have an extraordinary life to make extraordinary work,Keep Going,Austin Kleon
"Many diarists don’t bother rereading their diaries, but I’ve found that rereading doubles the power of a diary because I’m then able to discover my own patterns, identify what I really care about, and know myself better.",Keep Going,Austin Kleon
"A. A. Milne made up Winnie-the-Pooh for his son, Christopher Robin Milne.",Keep Going,Austin Kleon
Always keep a notebook or camera in your pocket for when you want to stop to capture a thought or an image.,Keep Going,Austin Kleon
The ethos is summed up on the Slow Art Day website: “When people look slowly . . . they make discoveries.”,Keep Going,Austin Kleon
“For anyone trying to discern what to do with their life: PAY ATTENTION TO WHAT YOU PAY ATTENTION TO. That’s pretty much all the info you need.” —Amy Krouse Rosenthal,Keep Going,Austin Kleon
It’s always a mistake to equate productivity and creativity. They are not the same.,Keep Going,Austin Kleon
"When I’m stuck in the morning and I don’t know what to write about in my diary, I’ll modify the pros-and-cons list. I’ll draw a line down the middle of the page, and in one column I’ll list what I’m thankful for, and in the other column, I’ll write down what I need help with. It’s a paper prayer.",Keep Going,Austin Kleon
“Don’t make stuff because you want to make money—it will never make you enough money. And don’t make stuff because you want to get famous—because you will never feel famous enough. Make gifts for people—and work hard on making those gifts in the hope that those people will notice and like the gifts.” —John Green,Keep Going,Austin Kleon
"“Suckcess,” on the other hand, is success on somebody else’s terms.",Keep Going,Austin Kleon
"“I set out to dispel daily depression. Every afternoon I get low-spirited, and one day I discovered the walk . . . I set myself a destination, and then things happen in the street.” —Vivian Gornick",Keep Going,Austin Kleon
"“The world needs you at the party starting real conversations, saying, ‘I don’t know,’ and being kind.” —Charlie Kaufman",Keep Going,Austin Kleon
"I keep one of Brian Eno and Peter Schmidt’s “Oblique Strategies” on a big sign above my desk: WHEN IN DOUBT, TIDY UP.",Keep Going,Austin Kleon
"Whether you’re burned out, starting out, starting over, or wildly successful, the question is always the same: How to keep going",Keep Going,Austin Kleon
"Jacobs recommends that if you really want to explore ideas, you should consider hanging out with people who aren’t so much like-minded as like-hearted.",Keep Going,Austin Kleon
You can’t just borrow your favorite artist’s daily routine and expect it to work for you,Keep Going,Austin Kleon
"When you start making a living from your work, resist the urge to monetize every single bit of your creative practice.",Keep Going,Austin Kleon
"“Imitate the trees. Learn to lose in order to recover, and remember that nothing stays the same for long.” —May Sarton",Keep Going,Austin Kleon
"“I don’t know what I am. I know that I am not a category. I am not a thing—a noun. I seem to be a verb, an evolutionary process.” —R. Buckminster Fuller",Keep Going,Austin Kleon
Walking is a way to find possibility in your life when there doesn’t seem to be any left.,Keep Going,Austin Kleon
Any man can fight the battles of just one day,Keep Going,Austin Kleon
"Daily Rituals, Mason Currey catalogs the daily routines of 161 creative individuals: when they woke up, when they worked, what they ate, what they drank, how they procrastinated, and more",Keep Going,Austin Kleon
They want the job title without the work.,Keep Going,Austin Kleon
The world doesn’t necessarily need more great artists. It needs more decent human beings.,Keep Going,Austin Kleon
"Read old books. Human beings have been around for a long time, and almost every problem you have has probably been written about by some other human living hundreds if not thousands of years before you.",Keep Going,Austin Kleon
David Allen calls a “Someday/Maybe” list,Keep Going,Austin Kleon
The first step toward transforming your life into art is to start paying more attention to it.,Keep Going,Austin Kleon
Worry less about making a mark. Worry more about leaving things better than you found them.,Keep Going,Austin Kleon
There will be good days and bad days. Days when you feel inspired and days when you want to walk off a bridge,Keep Going,Austin Kleon
"When you ignore quantitative measurements for a bit, you can get back to qualitative measurements.",Keep Going,Austin Kleon
Keep composing. Keep acting. Keep cooking. Keep searching. Keep walking. Keep exploring. Keep giving. Keep living. Keep paying attention.,Keep Going,Austin Kleon
“It’s as true today as it ever was: He who seeks beauty will find it.” —Bill Cunningham,Keep Going,Austin Kleon
Keep working. Keep playing. Keep drawing. Keep looking. Keep listening. Keep thinking. Keep dreaming. Keep singing. Keep dancing. Keep painting,Keep Going,Austin Kleon
A little imprisonment—if it’s of your own making—can set you free.,Keep Going,Austin Kleon
"Your attention is one of the most valuable things you possess, which is why everyone wants to steal it from you.",Keep Going,Austin Kleon
"“Photography is an immediate reaction, drawing is a meditation.”",Keep Going,Austin Kleon
"“The disorder of the desk, the floor; the yellow Post-it notes everywhere; the whiteboards covered with scrawl: all this is the outward manifestation of the messiness of human thought.” —Ellen Ullman",Keep Going,Austin Kleon
“God walks out of the room when you’re thinking about money.” —Quincy Jones,Keep Going,Austin Kleon
"How we spend our days is, of course, how we spend our lives.” —Annie Dillard",Keep Going,Austin Kleon
"The Roman statesman and philosopher Seneca said that if you read old books, you get to add all the years the author lived onto your own life.",Keep Going,Austin Kleon
"If you want to change your life, change what you pay attention to.",Keep Going,Austin Kleon
"The only antidote is JOMO: the Joy Of Missing Out. As writer Anil Dash explains, “There can be, and should be, a blissful, serene enjoyment in knowing, and celebrating, that there are folks out there having the time of their life at something that you might have loved to, but are simply skipping.”",Keep Going,Austin Kleon
"When the sun goes down and you look back on the day, go easy on yourself.",Keep Going,Austin Kleon
"“The phone gives us a lot but it takes away three key elements of discovery: loneliness, uncertainty, and boredom. Those have always been where creative ideas come from.” —Lynda Barry",Keep Going,Austin Kleon
"“Not everything that can be counted counts, and not everything that counts can be counted.” —William Bruce Cameron",Keep Going,Austin Kleon
"Walking really is a magic cure for people who want to think straight. “Solvitur ambulando,” said Diogenes the Cynic two millennia ago. “It is solved by walking.”",Keep Going,Austin Kleon
"Another trick: When nothing’s fun anymore, try to make the worst thing you can. The ugliest drawing. The crummiest poem. The most obnoxious song. Making intentionally bad art is a ton of fun.",Keep Going,Austin Kleon
"We’re all a little creepy, to a certain degree.",Keep Going,Austin Kleon
Instagram likes don’t tell you whether an image you made stuck with someone for a month.,Keep Going,Austin Kleon
"“I can never find what I want, but the benefit is that I always find something else.” —Irvine Welsh",Keep Going,Austin Kleon
Really great artists are able to find magic in the mundane,Keep Going,Austin Kleon
“A lot of people don’t do well simply because they major in minor things” — Jim Rohn,Less Is More: The Minimum Effective Dose,Louis Chew
"In company lore, indestructible General Electric carries the torch of Thomas Edison, the legendarily prolific inventor.",Lights Out - the Fall of General Electric,Thomas Gryta
"“Every job looks easy,” Immelt began to tell his colleagues, “when you’re not the one doing it.”",Lights Out - the Fall of General Electric,Thomas Gryta
"Indians are passionate cricket players and chai (tea) drinkers, and both game and beverage are British legacies.",Sapiens: A Brief History of Humankind,Yuval Noah Harari
"For example, today people believe in equality, so it’s fashionable for rich kids to wear jeans, which were originally working-class attire.",Sapiens: A Brief History of Humankind,Yuval Noah Harari
"In fact, in many societies more people are in danger of dying from obesity than from starvation.",Sapiens: A Brief History of Humankind,Yuval Noah Harari
There is one logical way of solving the riddle: to argue that there is a single omnipotent God who created the entire universe – and He’s evil. But nobody in history has had the stomach for such a belief.,Sapiens: A Brief History of Humankind,Yuval Noah Harari
"According to the most moderate estimates, between 1885 and 1908 the pursuit of growth and profits cost the lives of 6 million individuals (at least 20 per cent of the Congo’s population). Some estimates reach up to 10 million deaths.",Sapiens: A Brief History of Humankind,Yuval Noah Harari
"In 1831, the Royal Navy sent the ship HMS Beagle to map the coasts of South America, the Falklands Islands and the Galapagos Islands. The navy needed this knowledge in order to be better prepared in the event of war. The ship’s captain, who was an amateur scientist, decided to add a geologist to the expedition to study geological formations they might encounter on the way. After several professional geologists refused his invitation, the captain offered the job to a twenty-two-year-old Cambridge graduate, Charles Darwin.",Sapiens: A Brief History of Humankind,Yuval Noah Harari
"No one should be bothered, then, if the wealthy get better health care, better education and better nutrition. The rich richly deserve every perk they enjoy.",Sapiens: A Brief History of Humankind,Yuval Noah Harari
It’s not our kind of story. We like to see underdogs win. But there is no justice in history.,Sapiens: A Brief History of Humankind,Yuval Noah Harari
Our once green and blue planet is becoming a concrete and plastic shopping centre.,Sapiens: A Brief History of Humankind,Yuval Noah Harari
"One famous anecdote tells of an ambitious Indian who mastered the intricacies of the English language, took lessons in Western-style dance, and even became accustomed to eating with a knife and fork. Equipped with his new manners, he travelled to England, studied law at University College London, and became a qualified barrister. Yet this young man of law, bedecked in suit and tie, was thrown off a train in the British colony of South Africa for insisting on travelling first class instead of settling for third class, where ‘coloured’ men like him were supposed to ride. His name was Mohandas Karamchand Gandhi.",Sapiens: A Brief History of Humankind,Yuval Noah Harari
"In 1776 BC Babylon was the world’s biggest city. The Babylonian Empire was probably the world’s largest, with more than a million subjects.",Sapiens: A Brief History of Humankind,Yuval Noah Harari
"The nuclear physicist Robert Oppenheimer, upon seeing the explosion, quoted from the Bhagavadgita: ‘Now I am become Death, the destroyer of worlds.’",Sapiens: A Brief History of Humankind,Yuval Noah Harari
There is No Justice in History.,Sapiens: A Brief History of Humankind,Yuval Noah Harari
"The best way to get started on the path to sharing your work is to think about what you want to learn, and make a commitment to learning it in front of others.",Show Your Work!,Austin Kleon
"If you want people to know about what you do and the things you care about, you have to share.",Show Your Work!,Austin Kleon
Overnight success is a myth.,Show Your Work!,Austin Kleon
"One little blog post is nothing on its own, but publish a thousand blog posts over a decade, and it turns into your life’s work.",Show Your Work!,Austin Kleon
Who’s done work that you admire? Who do you steal ideas from? Do you have any heroes? Who do you follow online? Who are the practitioners you look up to in your field?,Show Your Work!,Austin Kleon
"Everybody loves a good story, but good storytelling doesn’t come easy to everybody. It’s a skill that takes a lifetime to master. So study the great stories and then go find some of your own. Your stories will get better the more you tell them.",Show Your Work!,Austin Kleon
"Bios are not the place to practice your creativity. If you take photos, you’re not an “aspiring” photographer, and you’re not an “amazing” photographer, either. You’re a photographer.",Show Your Work!,Austin Kleon
"If you’re only pointing to your own stuff online, you’re doing it wrong. You have to be a connector.",Show Your Work!,Austin Kleon
The people who get what they’re after are very often the ones who just stick around long enough,Show Your Work!,Austin Kleon
"“Anyone who isn’t embarrassed of who they were last year probably isn’t learning enough,” writes author Alain de Botton.",Show Your Work!,Austin Kleon
"Whether people show up or they don’t, you’re out there, doing your thing, ready whenever they are.",Show Your Work!,Austin Kleon
Writers love Twitter.,Show Your Work!,Austin Kleon
"If you want followers, be someone worth following.",Show Your Work!,Austin Kleon
"""If you work on something a little bit every day, you end up with something that is massive.” —Kenneth Goldsmith",Show Your Work!,Austin Kleon
"""Whatever excites you, go do it. Whatever drains you, stop doing it.” —Derek Sivers",Show Your Work!,Austin Kleon
"Teaching people doesn’t subtract value from what you do, it actually adds to it.",Show Your Work!,Austin Kleon
Designer Mike Monteiro says that the most valuable skill he picked up in art school was learning how to take a punch.,Show Your Work!,Austin Kleon
That’s all any of us are: amateurs. We don’t live long enough to be anything else.” —Charlie Chaplin,Show Your Work!,Austin Kleon
"You have to have the courage to keep loving your garbage, because what makes us unique is the diversity and breadth of our influences.",Show Your Work!,Austin Kleon
"The impulse to keep to yourself what you have learned is not only shameful, it is destructive. Anything you do not give freely and abundantly becomes lost to you. You open your safe and find ashes.",Show Your Work!,Austin Kleon
"It sounds a little extreme, but in this day and age, if your work isn’t online, it doesn’t exist.",Show Your Work!,Austin Kleon
Talk about the things you love.,Show Your Work!,Austin Kleon
"Whether you share it or not, documenting and recording your process as you go along has its own rewards.",Show Your Work!,Austin Kleon
The most important part of a story is its structure.,Show Your Work!,Austin Kleon
"""The trick is not caring what EVERYBODY thinks of you and just caring about what the RIGHT people think of you.” —Brian Michael Bendis",Show Your Work!,Austin Kleon
Don’t show your lunch or your latte; show your work.,Show Your Work!,Austin Kleon
Sometimes we have to do a lot of cropping and editing to fit our lives into something that resembles a story.,Show Your Work!,Austin Kleon
Be so good they can’t ignore you.,Show Your Work!,Austin Kleon
Follow me back?” is the saddest question on the Internet.,Show Your Work!,Austin Kleon
No one is going to give a damn about your résumé; they want to see what you have made with your own little fingers.,Show Your Work!,Austin Kleon
Make stuff you love and talk about stuff you love,Show Your Work!,Austin Kleon
"If you’re traveling, let your online friends know you’re going to be in town.",Show Your Work!,Austin Kleon
"I spent my first two years out of college working a nondemanding part-time job in a library, doing nothing but reading and writing and drawing.",Show Your Work!,Austin Kleon
"You might have to miss an episode of your favorite TV show, you might have to miss an hour of sleep, but you can find the time if you look for it.",Show Your Work!,Austin Kleon
"The minute you learn something, turn around and teach it to others.",Show Your Work!,Austin Kleon
"""The cat sat on a mat’ is not a story. ‘The cat sat on the dog’s mat’ is a story.” —John le Carré",Show Your Work!,Austin Kleon
"Don’t say you don’t have enough time. We’re all busy, but we all get 24 hours a day.",Show Your Work!,Austin Kleon
"Of course, don’t let sharing your work take precedence over actually doing your work.",Show Your Work!,Austin Kleon
"A good pitch is set up in three acts: The first act is the past, the second act is the present, and the third act is the future.",Show Your Work!,Austin Kleon
Roll with the punches. Keep moving. Every piece of criticism is an opportunity for new work.,Show Your Work!,Austin Kleon
"You can turn your flow into stock. For example, a lot of the ideas in this book started out as tweets, which then became blog posts, which then became book chapters. Small things, over time, can get big.",Show Your Work!,Austin Kleon
"Constantin Brancusi, the Romanian-born sculptor. Brancusi hailed from the Carpathian Mountains, and he knew a vampire when he saw one. He was not going to have his energy or the fruits of his energy juiced by Picasso, so he refused to have anything to do with him.",Show Your Work!,Austin Kleon
“The minute you stop wanting something you get it.” —Andy Warhol,Show Your Work!,Austin Kleon
"The more people come across your work, the more criticism you’ll face.",Show Your Work!,Austin Kleon
"David Bayles and Ted Orland in their book, Art and Fear: “To all viewers but yourself, what matters is the product: the finished artwork. To you, and you alone, what matters is the process: the experience of shaping the artwork.""",Show Your Work!,Austin Kleon
"""You got to make your case.” —Kanye West",Show Your Work!,Austin Kleon
"""We don’t make movies to make money, we make money to make more movies.” —Walt Disney",Show Your Work!,Austin Kleon
"The designer Stefan Sagmeister swears by the power of the sabbatical—every seven years, he shuts down his studio and takes a year off.",Show Your Work!,Austin Kleon
"You and I will be around a lot longer than Twitter, and nothing substitutes face to face.” —Rob Delaney",Show Your Work!,Austin Kleon
Creativity is not a talent. It is a way of operating.” —John Cleese,Show Your Work!,Austin Kleon
The Vampire Test. It’s a simple way to know who you should let in and out of your life.,Show Your Work!,Austin Kleon
"Audiences not only want to stumble across great work, but they, too, long to be creative and part of the creative process.",Show Your Work!,Austin Kleon
Don’t be afraid to be an early adopter—jump on a new platform.,Show Your Work!,Austin Kleon
"My blog has been my sketchbook, my studio, my gallery, my storefront, and my salon.",Show Your Work!,Austin Kleon
"My wife is fond of saying, “If someone took a dump in your living room, you wouldn’t let it sit there, would you?” Nasty comments are the same—they should be scooped up and thrown in the trash.",Show Your Work!,Austin Kleon
"""You have to make stuff,” said journalist David Carr when he was asked if he had any advice for students.",Show Your Work!,Austin Kleon
Dig into almost every overnight success story and you’ll find about a decade’s worth of hard work and perseverance.,Show Your Work!,Austin Kleon
Where do you get your inspiration? What sorts of things do you fill your head with? What do you read? Do you subscribe to anything? What sites do you visit on the Internet? What music do you listen to? What movies do you see? Do you look at art? What do you collect? What’s inside your scrapbook? What do you pin to the corkboard above your desk?,Show Your Work!,Austin Kleon
Stop worrying about how many people follow you online and start worrying about the quality of people who follow you.,Show Your Work!,Austin Kleon
"""Above all, recognize that if you have had success, you have also had luck—and with luck comes obligation. You owe a debt, and not just to your gods. You owe a debt to the unlucky.” —Michael Lewis",Show Your Work!,Austin Kleon
"""When people realize they’re being listened to, they tell you things.” —Richard Ford",Show Your Work!,Austin Kleon
Social media sites are the perfect place to share daily updates. Don’t worry about being on every platform.,Show Your Work!,Austin Kleon
The stupidest possible creative act is still a creative act.,Show Your Work!,Austin Kleon
Don’t be jealous when the people you like do well—celebrate their victory as if it’s your own.,Show Your Work!,Austin Kleon
"""Work is never finished, only abandoned.” —Paul Valéry",Show Your Work!,Austin Kleon
"Once a day, after you’ve done your day’s work, go back to your documentation and find one little piece of your process that you can share.",Show Your Work!,Austin Kleon
"Don’t think of your website as a self-promotion machine, think of it as a self-invention.",Show Your Work!,Austin Kleon
"The stories you tell about the work you do have a huge effect on how people feel and what they understand about your work, and how people feel and what they understand about your work effects how they value it.",Show Your Work!,Austin Kleon
"Initially, Feynman made a name for himself from his work on the theory of subatomic particles, specifically the topic known as quantum electrodynamics or QED",Six Easy Pieces,Richard P. Feynman
"When Feynman died of cancer in 1988 the students at Caltech, where he had worked for most of his career, unfurled a banner with the simple message: “We love you Dick.”",Six Easy Pieces,Richard P. Feynman
"Frequencies below this range are called infrared, and above it, ultraviolet. The fact that we can see in a particular frequency range makes that part of the electromagnetic spectrum",Six Easy Pieces,Richard P. Feynman
"Instead, it was discovered that things on a small scale behave nothing like things on a large scale. That is what makes physics difficult—and very interesting. It is hard because the way things behave on a small scale is so ”unnatural“; we have no direct experience with it.",Six Easy Pieces,Richard P. Feynman
"First figure out why you want the students to learn the subject and what you want them to know, and the method will result more or less by common sense.",Six Easy Pieces,Richard P. Feynman
The laws which govern how much energy is available are called the laws of thermodynamics and involve a concept called entropy for irreversible thermodynamic processes.,Six Easy Pieces,Richard P. Feynman
"From the point of view of basic physics, the most interesting phenomena are of course in the new places, the places where the rules do not work—not the places where they do work! That is the way in which we discover new rules.",Six Easy Pieces,Richard P. Feynman
"You are, in fact, a mashup of what you choose to let into your life.",Steal Like an Artist,Austin Kleon
"Collect books, even if you don’t plan on reading them right away.",Steal Like an Artist,Austin Kleon
Do good work and share it with people.,Steal Like an Artist,Austin Kleon
"If you talk about someone on the Internet, they will find out.",Steal Like an Artist,Austin Kleon
Quit picking fights on Twitter and go make something.,Steal Like an Artist,Austin Kleon
Eat breakfast. Do some push-ups. Go for long walks. Get plenty of sleep.,Steal Like an Artist,Austin Kleon
"The trick is to find a day job that pays decently, doesn’t make you want to vomit, and leaves you with enough energy to make things in your spare time.",Steal Like an Artist,Austin Kleon
"logbook isn’t necessarily a diary or a journal, it’s just a little book in which you list the things you do every day.",Steal Like an Artist,Austin Kleon
‘What’s the best thing that happened today?’,Steal Like an Artist,Austin Kleon
The idea that you can do anything is absolutely terrifying.,Steal Like an Artist,Austin Kleon
"Your job is to collect good ideas. The more good ideas you collect, the more you can choose from to be influenced by.",Steal Like an Artist,Austin Kleon
Start copying what you love. Copy copy copy copy. At the end of the copy you will find your self.,Steal Like an Artist,Austin Kleon
"Do the work every day, no matter what.",Steal Like an Artist,Austin Kleon
"If you have one person you’re influenced by, everyone will say you’re the next whoever. But if you rip off a hundred people, everyone will say you’re so original.",Steal Like an Artist,Austin Kleon
Go deeper than anybody else—that’s how you’ll get ahead.,Steal Like an Artist,Austin Kleon
it’s still a tremendous boost when people say nice things about our work.,Steal Like an Artist,Austin Kleon
Most people I know hate to think about money. Do yourself a favor: Learn about money as soon as you can.,Steal Like an Artist,Austin Kleon
Who you marry is the most important decision you’ll ever make.,Steal Like an Artist,Austin Kleon
Pretend to be making something until you actually make something.,Steal Like an Artist,Austin Kleon
"It’s one of my theories that when people give you advice, they’re really just talking to themselves in the past.",Steal Like an Artist,Austin Kleon
"Maybe your hero will see your work, maybe he or she won’t. Maybe they’ll respond to you, maybe not. The important thing is that you show your appreciation without expecting anything in return, and that you get new work out of the appreciation.",Steal Like an Artist,Austin Kleon
Who to copy is easy. You copy your heroes.,Steal Like an Artist,Austin Kleon
"""The work you do while you procrastinate is probably the work you should be doing for the rest of your life.” —Jessica Hische",Steal Like an Artist,Austin Kleon
"Ironically, really good work often appears to be effortless. People will say, “Why didn’t I think of that?” They won’t see the years of toil and sweat that went into it.",Steal Like an Artist,Austin Kleon
“What would make a better story?”,Steal Like an Artist,Austin Kleon
"A hobby is something creative that’s just for you. You don’t try to make money or get famous off it, you just do it because it makes you happy.",Steal Like an Artist,Austin Kleon
"""Complain about the way other people make software by making software.” —Andre Torrez",Steal Like an Artist,Austin Kleon
"Always be reading. Go to the library. There’s magic in being surrounded by books. Get lost in the stacks. Read bibliographies. It’s not the book you start with, it’s the book that book leads you to.",Steal Like an Artist,Austin Kleon
What a good artist understands is that nothing comes from nowhere. All creative work builds on what came before.,Steal Like an Artist,Austin Kleon
"When I was younger, I wrote a lot of fan letters and had the good fortune to hear back from several of my heroes.",Steal Like an Artist,Austin Kleon
"Find the most talented person in the room, and if it’s not you, go stand next to him. Hang out with him.",Steal Like an Artist,Austin Kleon
"“I have stolen all of these moves from all these great players. I just try to do them proud, the guys who came before, because I learned so much from them. It’s all in the name of the game. It’s a lot bigger than me.” —Kobe Bryant",Steal Like an Artist,Austin Kleon
"The truth is that even if you’re lucky enough to make a living off doing what you truly love, it will probably take you a while to get to that point. Until then, you’ll need a day job.",Steal Like an Artist,Austin Kleon
"""It is better to take what does not belong to you than to let it lie around neglected.” —Mark Twain",Steal Like an Artist,Austin Kleon
"In this age of information abundance and overload, those who get ahead will be the folks who figure out what to leave out, so they can concentrate on what’s really important to them.",Steal Like an Artist,Austin Kleon
Establishing and keeping a routine can be even more important than having a lot of time.,Steal Like an Artist,Austin Kleon
Every new idea is just a mashup or a remix of one or more previous ideas.,Steal Like an Artist,Austin Kleon
Self-employed people who can determine their working hours and work scheduling are happier than employed people who cannot.,The 80/20 Principle,Richard Koch
Invest most when the market is low.,The 80/20 Principle,Richard Koch
Do not expect to become a leader unless you really are more knowledgeable than anyone else.,The 80/20 Principle,Richard Koch
"Few people take objectives really seriously. They put average effort into too many things, rather than superior thought and effort into a few important things. People who achieve the most are selective as well as determined.",The 80/20 Principle,Richard Koch
80 percent of traffic jams occur on 20 percent of roads.,The 80/20 Principle,Richard Koch
"If you put money into stocks for the short term, you are really gambling rather than investing.",The 80/20 Principle,Richard Koch
"And even if you or other people think you are stupid, you are intelligent at something.",The 80/20 Principle,Richard Koch
Are you working to make others rich or is it the reverse?,The 80/20 Principle,Richard Koch
"strive for excellence in few things, rather than good performance in many",The 80/20 Principle,Richard Koch
fewer and deeper is better than more and less deep,The 80/20 Principle,Richard Koch
Equality ends in dominance: that is one of the messages of chaos theory.,The 80/20 Principle,Richard Koch
"The pattern underlying the 80/20 Principle was discovered in 1897, about 100 years ago, by Italian economist Vilfredo Pareto (1848–1923).",The 80/20 Principle,Richard Koch
Eighty percent of the world’s wealth is possessed by 25 percent of the world’s people.,The 80/20 Principle,Richard Koch
Who you work for is more important than what you do,The 80/20 Principle,Richard Koch
It is crucial to pick this 20 percent well and then concentrate as much investment as possible into it. Conventional wisdom is not to put all your eggs in one basket,The 80/20 Principle,Richard Koch
"Again, one good rule of thumb is not to sell unless the price falls by 15 percent from its recent high price.",The 80/20 Principle,Richard Koch
Twenty percent of your clothes will be worn 80 percent of the time.,The 80/20 Principle,Richard Koch
Become self-employed early in your career.,The 80/20 Principle,Richard Koch
Nearly everyone who has become rich has had the added bonus of becoming rich doing things they enjoy.,The 80/20 Principle,Richard Koch
"Anthropologists stress that the number of exhilarating and important personal relationships that people can establish is limited.2 Apparently, the common pattern of people in any society is to have two important childhood friends, two significant adult friends, and two doctors. Typically, there are two powerful sexual partners who eclipse the others. Most commonly, you fall in love only once, and there is one member of your family whom you love above all others.",The 80/20 Principle,Richard Koch
"Michelangelo did it all, not because it was his job, or because he feared the irascible Pope Julius II or even to make money, but because he loved his creations and young men.",The 80/20 Principle,Richard Koch
"The 80/20 Principle states that there is an inbuilt imbalance between causes and results, inputs and outputs, and effort and reward.",The 80/20 Principle,Richard Koch
"Do not buy when everyone else is and when everyone is convinced that the stock market can only go up. Instead, buy when everyone else is pessimistic.",The 80/20 Principle,Richard Koch
Choose a niche that you enjoy and in which you can excel.,The 80/20 Principle,Richard Koch
"It’s not really about hard work. You can work in a restaurant eighty hours a week, and you’re not going to get rich. Getting rich is about knowing what to do, who to do it with, and when to do it.",The Almanack of Naval Ravikant,Naval & Eric Jorgenson
"If you can’t code, write books and blogs, record videos and podcasts.",The Almanack of Naval Ravikant,Naval & Eric Jorgenson
Work as hard as you can. Even though who you work with and what you work on are more important than how hard you work.,The Almanack of Naval Ravikant,Naval & Eric Jorgenson
There are no get-rich-quick schemes. Those are just someone else getting rich off you.,The Almanack of Naval Ravikant,Naval & Eric Jorgenson
Most of life is a search for who and what needs you the most.,The Almanack of Naval Ravikant,Naval & Eric Jorgenson
"Without ownership, when you’re sleeping, you’re not earning. When you’re retired, you’re not earning. When you’re on vacation, you’re not earning. And you can’t earn nonlinearly.",The Almanack of Naval Ravikant,Naval & Eric Jorgenson
"Coding, writing books, recording podcasts, tweeting, YouTubing—these kinds of things are permissionless. You don’t need anyone’s permission to do them, and that’s why they are very egalitarian.",The Almanack of Naval Ravikant,Naval & Eric Jorgenson
"Value your time at an hourly rate, and ruthlessly spend to save time at that rate. You will never be worth more than you think you’re worth.",The Almanack of Naval Ravikant,Naval & Eric Jorgenson
"Figure out what you’re good at, and start helping other people with it. Give it away. Pay it forward. Karma works because people are consistent.",The Almanack of Naval Ravikant,Naval & Eric Jorgenson
“Tension is who you think you should be. Relaxation is who you are.” —Buddhist saying,The Almanack of Naval Ravikant,Naval & Eric Jorgenson
"I felt no obligation to finish any book. Now, when someone mentions a book to me, I buy it. At any given time, I’m reading somewhere between ten and twenty books. I’m flipping through them.",The Almanack of Naval Ravikant,Naval & Eric Jorgenson
Don’t take yourself so seriously. You’re just a monkey with a plan.,The Almanack of Naval Ravikant,Naval & Eric Jorgenson
"What if this life is the paradise we were promised, and we’re just squandering it?",The Almanack of Naval Ravikant,Naval & Eric Jorgenson
"Life-hack: When in bed, meditate. Either you will have a deep meditation or fall asleep. Victory either way.",The Almanack of Naval Ravikant,Naval & Eric Jorgenson
"Health, love, and your mission, in that order. Nothing else matters.",The Almanack of Naval Ravikant,Naval & Eric Jorgenson
"“Give me a lever long enough and a place to stand, and I will move the earth.” —Archimedes",The Almanack of Naval Ravikant,Naval & Eric Jorgenson
"An old boss once warned: “You’ll never be rich since you’re obviously smart, and someone will always offer you a job that’s just good enough.”",The Almanack of Naval Ravikant,Naval & Eric Jorgenson
"Simple heuristic: If you’re evenly split on a difficult decision, take the path more painful in the short term.",The Almanack of Naval Ravikant,Naval & Eric Jorgenson
"The truth is, I don’t read for self-improvement. I read out of curiosity and interest. The best book is the one you’ll devour.",The Almanack of Naval Ravikant,Naval & Eric Jorgenson
"In any situation in life, you always have three choices: you can change it, you can accept it, or you can leave it.",The Almanack of Naval Ravikant,Naval & Eric Jorgenson
Humans evolved as hunters and gatherers where we all worked for ourselves. It’s only at the beginning of agriculture we became more hierarchical.,The Almanack of Naval Ravikant,Naval & Eric Jorgenson
"You can get almost anything you want out of life, as long as it’s one thing and you want it far more than anything else.",The Almanack of Naval Ravikant,Naval & Eric Jorgenson
The year I generated the most wealth for myself was actually the year I worked the least hard and cared the least about the future. I was mostly doing things for the sheer fun of it.,The Almanack of Naval Ravikant,Naval & Eric Jorgenson
You should not grind at a lot of hard work until you figure out what you should be working on.,The Almanack of Naval Ravikant,Naval & Eric Jorgenson
"If I’m faced with a difficult choice, such as: Should I marry this person? Should I take this job? Should I buy this house? Should I move to this city? Should I go into business with this person? If you cannot decide, the answer is no. And",The Almanack of Naval Ravikant,Naval & Eric Jorgenson
"If it entertains you now but will bore you someday, it’s a distraction. Keep looking.",The Almanack of Naval Ravikant,Naval & Eric Jorgenson
"But usually, the real wealth is created by starting your own companies or even by investing.",The Almanack of Naval Ravikant,Naval & Eric Jorgenson
"The real truths are heresies. They cannot be spoken. Only discovered, whispered, and perhaps read.",The Almanack of Naval Ravikant,Naval & Eric Jorgenson
"Let’s get you rich first. I’m very practical about it because, you know, Buddha was a prince. He started off really rich, then he got to go off in the woods.",The Almanack of Naval Ravikant,Naval & Eric Jorgenson
"First, you know it. Then, you understand it. Then, you can explain it. Then, you can feel it. Finally, you are it.",The Almanack of Naval Ravikant,Naval & Eric Jorgenson
"I like to think that if I lost all my money and you dropped me on a random street in any English-speaking country, within five or ten years I’d be wealthy again because it’s just a skillset I’ve developed that anyone can develop.",The Almanack of Naval Ravikant,Naval & Eric Jorgenson
Making money is not a thing you do—it’s a skill you learn.,The Almanack of Naval Ravikant,Naval & Eric Jorgenson
"If you had to pass down to your kids one or two principles, what would they be? Number one: read. Read everything you can.",The Almanack of Naval Ravikant,Naval & Eric Jorgenson
"Reading science, math, and philosophy one hour per day will likely put you at the upper echelon of human success within seven years.",The Almanack of Naval Ravikant,Naval & Eric Jorgenson
"It’s only after you’re bored you have the great ideas. It’s never going to be when you’re stressed, or busy, running around or rushed. Make the time.",The Almanack of Naval Ravikant,Naval & Eric Jorgenson
Become the best in the world at what you do. Keep redefining what you do until this is true.,The Almanack of Naval Ravikant,Naval & Eric Jorgenson
"I mean figure out what you were doing as a kid or teenager almost effortlessly. Something you didn’t even consider a skill, but people around you noticed",The Almanack of Naval Ravikant,Naval & Eric Jorgenson
I never ask if “I like it” or “I don’t like it.” I think “this is what it is” or “this is what it isn’t.” —Richard Feynman,The Almanack of Naval Ravikant,Naval & Eric Jorgenson
"When you’re reading a book and you’re confused, that confusion is similar to the pain you get in the gym when you’re working out. But you’re building mental muscles instead of physical muscles. Learn how to learn and read the books.",The Almanack of Naval Ravikant,Naval & Eric Jorgenson
Value your time. It is all you have. It’s more important than your money. It’s more important than your friends. It is more important than anything. Your time is all you have. Do not waste your time.,The Almanack of Naval Ravikant,Naval & Eric Jorgenson
"If you get into a relative mindset, you’re always going to hate people who do better than you, you’re always going to be jealous or envious of them. They’ll sense those feelings when you try and do business with them.",The Almanack of Naval Ravikant,Naval & Eric Jorgenson
"The internet enables any niche interest, as long as you’re the best person at it to scale out. And the great news is because every human is different, everyone is the best at something—being themselves.",The Almanack of Naval Ravikant,Naval & Eric Jorgenson
"I’m not religious, but I’m spiritual.",The Almanack of Naval Ravikant,Naval & Eric Jorgenson
"Not to take away anything from art or politics or engineering or business, but without science, we’d still be scrambling in the dirt fighting with sticks and trying to start fires.",The Almanack of Naval Ravikant,Naval & Eric Jorgenson
I probably read one to two hours a day. That puts me in the top .00001 percent. I think that alone accounts for any material success I’ve had in my life and any intelligence I might have.,The Almanack of Naval Ravikant,Naval & Eric Jorgenson
It’s much more important today to be able to become an expert in a brand-new field in nine to twelve months than to have studied the “right” thing a long time ago.,The Almanack of Naval Ravikant,Naval & Eric Jorgenson
"Arm yourself with specific knowledge, accountability, and leverage. ↓ Specific knowledge is knowledge you cannot be trained for. If society can train you, it can train someone else and replace you.",The Almanack of Naval Ravikant,Naval & Eric Jorgenson
No one is going to value you more than you value yourself. You just have to set a very high personal hourly rate and you have to stick to it.,The Almanack of Naval Ravikant,Naval & Eric Jorgenson
"“As long as I have a book in my hand, I don’t feel like I’m wasting time.” —Charlie Munger",The Almanack of Naval Ravikant,Naval & Eric Jorgenson
Reading was my first love.,The Almanack of Naval Ravikant,Naval & Eric Jorgenson
"If you don’t own a piece of a business, you don’t have a path towards financial freedom.",The Almanack of Naval Ravikant,Naval & Eric Jorgenson
I always spent money on books. I never viewed that as an expense. That’s an investment to me.,The Almanack of Naval Ravikant,Naval & Eric Jorgenson
You’re not going to get rich renting out your time. You must own equity—a piece of a business—to gain your financial freedom.,The Almanack of Naval Ravikant,Naval & Eric Jorgenson
Code and media are permissionless leverage. They’re the leverage behind the newly rich. You can create software and media that works for you while you sleep.,The Almanack of Naval Ravikant,Naval & Eric Jorgenson
"Spend more time making the big decisions. There are basically three really big decisions you make in your early life: where you live, who you’re with, and what you do.",The Almanack of Naval Ravikant,Naval & Eric Jorgenson
"“Be a maker who makes something interesting people want. Show your craft, practice your craft, and the right people will eventually find you.”",The Almanack of Naval Ravikant,Naval & Eric Jorgenson
You don’t get rich by spending your time to save money. You get rich by saving your time to make money.,The Almanack of Naval Ravikant,Naval & Eric Jorgenson
Reading is faster than listening. Doing is faster than watching.,The Almanack of Naval Ravikant,Naval & Eric Jorgenson
"Do not buy when everyone else is and when everyone is convinced that the stock market can only go up. Instead, buy when everyone else is pessimistic.",The Compound Effect,Darren Hardy
"With enough practice and repetition, any behavior, good or bad, becomes automatic over time.",The Compound Effect,Darren Hardy
Jim Rohn taught that we become the combined average of the five people we hang around the most.,The Compound Effect,Darren Hardy
"Starting today, you can decide to make simple, positive changes and allow the Compound Effect to take you where you want.",The Compound Effect,Darren Hardy
"I knew that if I could get her to choose just one new habit, she’d get hooked, and all the other behaviors would naturally fall into line.",The Compound Effect,Darren Hardy
"Your biggest challenge isn’t that you’ve intentionally been making bad choices. Heck, that would be easy to fix. Your biggest challenge is that you’ve been sleepwalking through your choices.",The Compound Effect,Darren Hardy
"It’s because our need for immediate gratification can turn us into the most reactive, nonthinking animals around. If you took a bite of a Big Mac and immediately fell to the ground clutching your chest from a heart attack, you might not go back for that second bite. If your next puff of a cigarette instantly mutated your face into that of a weathered eighty-five-year-old, chances are you’d pass on that, too. If you failed to make that tenth call today and were immediately fired and bankrupted, suddenly picking up the phone would be a no-brainer.",The Compound Effect,Darren Hardy
"So, when you instruct your brain to look for the things you want, you will begin to see them.",The Compound Effect,Darren Hardy
"At eighteen, I was making a six-figure income in my own business. By age twenty, I owned my own home in an upscale neighborhood. By age twenty-four, my income grew to more than $1 million a year, and by age twenty-seven, I was officially a self-made millionaire",The Compound Effect,Darren Hardy
"I’ve mentioned that if there’s one discipline that gives me a competitive advantage, it’s my ability to be consistent.",The Compound Effect,Darren Hardy
"If you tolerate being underpaid and overworked, that will continue for you.",The Compound Effect,Darren Hardy
"Because I had to log everything, I resisted buying some things, just so I didn’t have to take out the notepad and write it in the dang book!",The Compound Effect,Darren Hardy
"We all come into this world the same: naked, scared, and ignorant. After that grand entrance, the life we end up with is simply an accumulation of all the choices we make.",The Compound Effect,Darren Hardy
New or more information is not what you need—a new plan of action is.,The Compound Effect,Darren Hardy
Here’s the bottom line: You already know all that you need to succeed. You don’t need to learn anything more.,The Compound Effect,Darren Hardy
Tracking my progress and missteps is the one of the reasons I’ve accumulated the success I have.,The Compound Effect,Darren Hardy
"Understanding the Compound Effect will rid you of “insta-results” expectation—the belief success should be as fast as your fast food, your one-hour glasses.",The Compound Effect,Darren Hardy
"What am I doing that I didn’t consciously choose to do, yet continue to do every day?”",The Compound Effect,Darren Hardy
"The Compound Effect is always working. You can choose to make it work for you, or you can ignore it and experience the negative effects of this powerful principle.",The Compound Effect,Darren Hardy
"It doesn’t matter how smart you are or aren’t, you need to make up in hard work what you lack in experience, skill, intelligence, or innate ability. If your competitor is smarter, more talented, or experienced, you just need to work three or four times as hard. You can still beat them!”",The Compound Effect,Darren Hardy
You have to be willing to give 100 percent with zero expectation of receiving anything in return.,The Compound Effect,Darren Hardy
Thanks Giving journal for my wife. Every day for an entire year I logged at least one thing I appreciated about her.,The Compound Effect,Darren Hardy
"Tracking is my go-to transformation model for everything that ails me. Over the years I’ve tracked what I eat and drink, how much I exercise, how much time I spend improving a skill, my number of sales calls, even the improvement of my relationships with family, friends, or my spouse. The results have been no less profound than my money-tracking wake-up call.",The Compound Effect,Darren Hardy
"The world looks, acts, and responds to you very differently when you start your day with a feeling and orientation of gratitude for that which you already have.",The Compound Effect,Darren Hardy
All winners are trackers.,The Compound Effect,Darren Hardy
"Promise yourself that you’re going to let go once and for all of your lottery-winner expectations because, let’s face it, you only hear stories about the one winner, not the millions of losers.",The Compound Effect,Darren Hardy
"When you define your goals, you give your brain something new to look for and focus on. It’s as if you’re giving your mind a new set of eyes from which to see all the people, circumstances, conversations, resources, ideas, and creativity surrounding you.",The Compound Effect,Darren Hardy
“A genius is the man who can do the average thing when everyone else around him is losing his mind.” —Napoleon,The Psychology of Money,Morgan Housel
"The highest form of wealth is the ability to wake up every morning and say, “I can do whatever I want today.”",The Psychology of Money,Morgan Housel
"The United States is the richest nation in the history of the world. But there is little evidence that its citizens are, on average, happier today than they were in the 1950s, when wealth and income were much lower—even at the median level and adjusted for inflation.",The Psychology of Money,Morgan Housel
"When most people say they want to be a millionaire, what they might actually mean is “I’d like to spend a million dollars.” And that is literally the opposite of being a millionaire.",The Psychology of Money,Morgan Housel
"You’re not a spreadsheet. You’re a person. A screwed up, emotional person.",The Psychology of Money,Morgan Housel
"To grasp why people bury themselves in debt you don’t need to study interest rates; you need to study the history of greed, insecurity, and optimism.",The Psychology of Money,Morgan Housel
"Richard Feynman, the great physicist, once said, “Imagine how much harder physics would be if electrons had feelings.”",The Psychology of Money,Morgan Housel
"A wise old owl lived in an oak, The more he saw the less he spoke, The less he spoke, the more he heard, Why aren’t we all like that wise old bird?",The Psychology of Money,Morgan Housel
"John D. Rockefeller was one of the most successful businessmen of all time. He was also a recluse, spending most of his time by himself. He rarely spoke, deliberately making himself inaccessible and staying quiet when you caught his attention.",The Psychology of Money,Morgan Housel
"More than 2,000 books are dedicated to how Warren Buffett built his fortune.",The Psychology of Money,Morgan Housel
Money has many ironies. Here’s an important one: Wealth is what you don’t see.,The Psychology of Money,Morgan Housel
"Money has been around a long time. King Alyattes of Lydia, now part of Turkey, is thought to have created the first official currency in 600 BC.",The Psychology of Money,Morgan Housel
"A refinery worker who occasionally had Rockefeller’s ear once remarked: “He lets everybody else talk, while he sits back and says nothing.”",The Psychology of Money,Morgan Housel
If something compounds—if a little growth serves as the fuel for future growth—a small starting base can lead to results so extraordinary they seem to defy logic.,The Psychology of Money,Morgan Housel
“The world is full of obvious things which nobody by any chance ever observes.” —Sherlock Holmes,The Psychology of Money,Morgan Housel
People do some crazy things with money. But no one is crazy.,The Psychology of Money,Morgan Housel
Carl Richards writes: “Risk is what’s left over when you think you’ve thought of everything.”,The Psychology of Money,Morgan Housel
"Singer Rihanna nearly went bankrupt after overspending and sued her financial advisor. The advisor responded: “Was it really necessary to tell her that if you spend money on things, you will end up with the things and not the money?”³⁰",The Psychology of Money,Morgan Housel
"Jack Dorsey helped found Twitter. After stepping down as CEO, he then launched the payment-processing company Square.",Deep Work,Cal Newport
"If your schedule is disrupted, you should, at the next available moment, take a few minutes to create a revised schedule for the time that remains in the day.",Deep Work,Cal Newport
